item_id,category_id
1,1
2,2
3,3
4,4
5,5
6,6
7,7
8,8
9,9
10,10
11,11
12,1
13,2
14,3
15,4
16,5
17,6
18,7
19,8
20,9
21,10
22,11
23,1
24,2
25,3
26,4
27,5
28,6
29,7
30,8
31,9
32,10
33,11
34,1
35,2
36,3
37,4
38,5
39,6
40,7
41,8
42,9
43,10
44,11
