item_id,shop_id
1,1
2,1
3,1
4,1
5,1
6,2
7,2
8,2
9,2
10,3
11,3
12,4
13,4
14,4
15,4
16,4
17,5
18,5
19,5
20,5
21,6
22,6
23,7
24,7
25,7
26,7
27,7
28,8
29,8
30,8
31,8
32,9
33,9
34,10
35,10
36,10
37,10
38,10
39,11
40,11
41,11
42,11
43,12
44,12
